Pegel,Uhrzeit,Tag_Label,Sortierung,Wert,Aktualisiert_am
DUISBURG-RUHRORT,01:00:00,Do. 08.10.2026,11,--,2026-10-09 01:35:40
DUISBURG-RUHRORT,01:00:00,Do. 08.10.2026 Abweichung,12,(--),2026-10-09 01:35:40
DUISBURG-RUHRORT,01:00:00,Heute 09.10.2026,21,--,2026-10-09 01:35:40
DUISBURG-RUHRORT,01:00:00,Heute 09.10.2026 Abweichung,22,(--),2026-10-09 01:35:40
DUISBURG-RUHRORT,01:00:00,Heute 09.10.2026 Vorhersage,23,--,2026-10-09 01:35:40
DUISBURG-RUHRORT,01:00:00,Sa. 10.10.2026,31,151,2026-10-09 01:35:40
DUISBURG-RUHRORT,01:00:00,Sa. 10.10.2026 Abweichung,32,--,2026-10-09 01:35:40
DUISBURG-RUHRORT,01:00:00,So. 11.10.2026,41,172,2026-10-09 01:35:40
DUISBURG-RUHRORT,01:00:00,Mo. 12.10.2026,51,159,2026-10-09 01:35:40
DUISBURG-RUHRORT,01:00:00,Di. 13.10.2026,61,--,2026-10-09 01:35:40
DUISBURG-RUHRORT,03:00:00,Do. 08.10.2026,11,--,2026-10-09 01:35:40
DUISBURG-RUHRORT,03:00:00,Do. 08.10.2026 Abweichung,12,(--),2026-10-09 01:35:40
DUISBURG-RUHRORT,03:00:00,Heute 09.10.2026,21,--,2026-10-09 01:35:40
DUISBURG-RUHRORT,03:00:00,Heute 09.10.2026 Abweichung,22,(--),2026-10-09 01:35:40
DUISBURG-RUHRORT,03:00:00,Heute 09.10.2026 Vorhersage,23,--,2026-10-09 01:35:40
DUISBURG-RUHRORT,03:00:00,Sa. 10.10.2026,31,152,2026-10-09 01:35:40
DUISBURG-RUHRORT,03:00:00,Sa. 10.10.2026 Abweichung,32,--,2026-10-09 01:35:40
DUISBURG-RUHRORT,03:00:00,So. 11.10.2026,41,171,2026-10-09 01:35:40
DUISBURG-RUHRORT,03:00:00,Mo. 12.10.2026,51,158,2026-10-09 01:35:40
DUISBURG-RUHRORT,03:00:00,Di. 13.10.2026,61,--,2026-10-09 01:35:40
DUISBURG-RUHRORT,05:00:00,Do. 08.10.2026,11,133,2026-10-09 01:35:40
DUISBURG-RUHRORT,05:00:00,Do. 08.10.2026 Abweichung,12,(+1),2026-10-09 01:35:40
DUISBURG-RUHRORT,05:00:00,Heute 09.10.2026,21,--,2026-10-09 01:35:40
DUISBURG-RUHRORT,05:00:00,Heute 09.10.2026 Abweichung,22,(--),2026-10-09 01:35:40
DUISBURG-RUHRORT,05:00:00,Heute 09.10.2026 Vorhersage,23,147,2026-10-09 01:35:40
DUISBURG-RUHRORT,05:00:00,Sa. 10.10.2026,31,154,2026-10-09 01:35:40
DUISBURG-RUHRORT,05:00:00,Sa. 10.10.2026 Abweichung,32,--,2026-10-09 01:35:40
DUISBURG-RUHRORT,05:00:00,So. 11.10.2026,41,171,2026-10-09 01:35:40
DUISBURG-RUHRORT,05:00:00,Mo. 12.10.2026,51,157,2026-10-09 01:35:40
DUISBURG-RUHRORT,05:00:00,Di. 13.10.2026,61,--,2026-10-09 01:35:40
DUISBURG-RUHRORT,07:00:00,Do. 08.10.2026,11,--,2026-10-09 01:35:40
DUISBURG-RUHRORT,07:00:00,Do. 08.10.2026 Abweichung,12,(--),2026-10-09 01:35:40
DUISBURG-RUHRORT,07:00:00,Heute 09.10.2026,21,--,2026-10-09 01:35:40
DUISBURG-RUHRORT,07:00:00,Heute 09.10.2026 Abweichung,22,(--),2026-10-09 01:35:40
DUISBURG-RUHRORT,07:00:00,Heute 09.10.2026 Vorhersage,23,148,2026-10-09 01:35:40
DUISBURG-RUHRORT,07:00:00,Sa. 10.10.2026,31,157,2026-10-09 01:35:40
DUISBURG-RUHRORT,07:00:00,Sa. 10.10.2026 Abweichung,32,--,2026-10-09 01:35:40
DUISBURG-RUHRORT,07:00:00,So. 11.10.2026,41,170,2026-10-09 01:35:40
DUISBURG-RUHRORT,07:00:00,Mo. 12.10.2026,51,157,2026-10-09 01:35:40
DUISBURG-RUHRORT,07:00:00,Di. 13.10.2026,61,--,2026-10-09 01:35:40
DUISBURG-RUHRORT,09:00:00,Do. 08.10.2026,11,--,2026-10-09 01:35:40
DUISBURG-RUHRORT,09:00:00,Do. 08.10.2026 Abweichung,12,(--),2026-10-09 01:35:40
DUISBURG-RUHRORT,09:00:00,Heute 09.10.2026,21,--,2026-10-09 01:35:40
DUISBURG-RUHRORT,09:00:00,Heute 09.10.2026 Abweichung,22,(--),2026-10-09 01:35:40
DUISBURG-RUHRORT,09:00:00,Heute 09.10.2026 Vorhersage,23,148,2026-10-09 01:35:40
DUISBURG-RUHRORT,09:00:00,Sa. 10.10.2026,31,--,2026-10-09 01:35:40
DUISBURG-RUHRORT,09:00:00,Sa. 10.10.2026 Abweichung,32,159,2026-10-09 01:35:40
DUISBURG-RUHRORT,09:00:00,So. 11.10.2026,41,168,2026-10-09 01:35:40
DUISBURG-RUHRORT,09:00:00,Mo. 12.10.2026,51,--,2026-10-09 01:35:40
DUISBURG-RUHRORT,09:00:00,Di. 13.10.2026,61,--,2026-10-09 01:35:40
DUISBURG-RUHRORT,11:00:00,Do. 08.10.2026,11,--,2026-10-09 01:35:40
DUISBURG-RUHRORT,11:00:00,Do. 08.10.2026 Abweichung,12,(--),2026-10-09 01:35:40
DUISBURG-RUHRORT,11:00:00,Heute 09.10.2026,21,--,2026-10-09 01:35:40
DUISBURG-RUHRORT,11:00:00,Heute 09.10.2026 Abweichung,22,(--),2026-10-09 01:35:40
DUISBURG-RUHRORT,11:00:00,Heute 09.10.2026 Vorhersage,23,148,2026-10-09 01:35:40
DUISBURG-RUHRORT,11:00:00,Sa. 10.10.2026,31,--,2026-10-09 01:35:40
DUISBURG-RUHRORT,11:00:00,Sa. 10.10.2026 Abweichung,32,162,2026-10-09 01:35:40
DUISBURG-RUHRORT,11:00:00,So. 11.10.2026,41,167,2026-10-09 01:35:40
DUISBURG-RUHRORT,11:00:00,Mo. 12.10.2026,51,--,2026-10-09 01:35:40
DUISBURG-RUHRORT,11:00:00,Di. 13.10.2026,61,--,2026-10-09 01:35:40
DUISBURG-RUHRORT,13:00:00,Do. 08.10.2026,11,138,2026-10-09 01:35:40
DUISBURG-RUHRORT,13:00:00,Do. 08.10.2026 Abweichung,12,(+8),2026-10-09 01:35:40
DUISBURG-RUHRORT,13:00:00,Heute 09.10.2026,21,--,2026-10-09 01:35:40
DUISBURG-RUHRORT,13:00:00,Heute 09.10.2026 Abweichung,22,(--),2026-10-09 01:35:40
DUISBURG-RUHRORT,13:00:00,Heute 09.10.2026 Vorhersage,23,148,2026-10-09 01:35:40
DUISBURG-RUHRORT,13:00:00,Sa. 10.10.2026,31,--,2026-10-09 01:35:40
DUISBURG-RUHRORT,13:00:00,Sa. 10.10.2026 Abweichung,32,164,2026-10-09 01:35:40
DUISBURG-RUHRORT,13:00:00,So. 11.10.2026,41,166,2026-10-09 01:35:40
DUISBURG-RUHRORT,13:00:00,Mo. 12.10.2026,51,--,2026-10-09 01:35:40
DUISBURG-RUHRORT,13:00:00,Di. 13.10.2026,61,--,2026-10-09 01:35:40
DUISBURG-RUHRORT,15:00:00,Do. 08.10.2026,11,--,2026-10-09 01:35:40
DUISBURG-RUHRORT,15:00:00,Do. 08.10.2026 Abweichung,12,(--),2026-10-09 01:35:40
DUISBURG-RUHRORT,15:00:00,Heute 09.10.2026,21,--,2026-10-09 01:35:40
DUISBURG-RUHRORT,15:00:00,Heute 09.10.2026 Abweichung,22,(--),2026-10-09 01:35:40
DUISBURG-RUHRORT,15:00:00,Heute 09.10.2026 Vorhersage,23,148,2026-10-09 01:35:40
DUISBURG-RUHRORT,15:00:00,Sa. 10.10.2026,31,--,2026-10-09 01:35:40
DUISBURG-RUHRORT,15:00:00,Sa. 10.10.2026 Abweichung,32,167,2026-10-09 01:35:40
DUISBURG-RUHRORT,15:00:00,So. 11.10.2026,41,164,2026-10-09 01:35:40
DUISBURG-RUHRORT,15:00:00,Mo. 12.10.2026,51,--,2026-10-09 01:35:40
DUISBURG-RUHRORT,15:00:00,Di. 13.10.2026,61,--,2026-10-09 01:35:40
DUISBURG-RUHRORT,17:00:00,Do. 08.10.2026,11,--,2026-10-09 01:35:40
DUISBURG-RUHRORT,17:00:00,Do. 08.10.2026 Abweichung,12,(--),2026-10-09 01:35:40
DUISBURG-RUHRORT,17:00:00,Heute 09.10.2026,21,--,2026-10-09 01:35:40
DUISBURG-RUHRORT,17:00:00,Heute 09.10.2026 Abweichung,22,(--),2026-10-09 01:35:40
DUISBURG-RUHRORT,17:00:00,Heute 09.10.2026 Vorhersage,23,148,2026-10-09 01:35:40
DUISBURG-RUHRORT,17:00:00,Sa. 10.10.2026,31,--,2026-10-09 01:35:40
DUISBURG-RUHRORT,17:00:00,Sa. 10.10.2026 Abweichung,32,169,2026-10-09 01:35:40
DUISBURG-RUHRORT,17:00:00,So. 11.10.2026,41,163,2026-10-09 01:35:40
DUISBURG-RUHRORT,17:00:00,Mo. 12.10.2026,51,--,2026-10-09 01:35:40
DUISBURG-RUHRORT,17:00:00,Di. 13.10.2026,61,--,2026-10-09 01:35:40
DUISBURG-RUHRORT,19:00:00,Do. 08.10.2026,11,--,2026-10-09 01:35:40
DUISBURG-RUHRORT,19:00:00,Do. 08.10.2026 Abweichung,12,(--),2026-10-09 01:35:40
DUISBURG-RUHRORT,19:00:00,Heute 09.10.2026,21,--,2026-10-09 01:35:40
DUISBURG-RUHRORT,19:00:00,Heute 09.10.2026 Abweichung,22,(--),2026-10-09 01:35:40
DUISBURG-RUHRORT,19:00:00,Heute 09.10.2026 Vorhersage,23,148,2026-10-09 01:35:40
DUISBURG-RUHRORT,19:00:00,Sa. 10.10.2026,31,--,2026-10-09 01:35:40
DUISBURG-RUHRORT,19:00:00,Sa. 10.10.2026 Abweichung,32,170,2026-10-09 01:35:40
DUISBURG-RUHRORT,19:00:00,So. 11.10.2026,41,162,2026-10-09 01:35:40
DUISBURG-RUHRORT,19:00:00,Mo. 12.10.2026,51,--,2026-10-09 01:35:40
DUISBURG-RUHRORT,19:00:00,Di. 13.10.2026,61,--,2026-10-09 01:35:40
DUISBURG-RUHRORT,21:00:00,Do. 08.10.2026,11,--,2026-10-09 01:35:40
DUISBURG-RUHRORT,21:00:00,Do. 08.10.2026 Abweichung,12,(--),2026-10-09 01:35:40
DUISBURG-RUHRORT,21:00:00,Heute 09.10.2026,21,--,2026-10-09 01:35:40
DUISBURG-RUHRORT,21:00:00,Heute 09.10.2026 Abweichung,22,(--),2026-10-09 01:35:40
DUISBURG-RUHRORT,21:00:00,Heute 09.10.2026 Vorhersage,23,149,2026-10-09 01:35:40
DUISBURG-RUHRORT,21:00:00,Sa. 10.10.2026,31,--,2026-10-09 01:35:40
DUISBURG-RUHRORT,21:00:00,Sa. 10.10.2026 Abweichung,32,171,2026-10-09 01:35:40
DUISBURG-RUHRORT,21:00:00,So. 11.10.2026,41,161,2026-10-09 01:35:40
DUISBURG-RUHRORT,21:00:00,Mo. 12.10.2026,51,--,2026-10-09 01:35:40
DUISBURG-RUHRORT,21:00:00,Di. 13.10.2026,61,--,2026-10-09 01:35:40
DUISBURG-RUHRORT,23:00:00,Do. 08.10.2026,11,--,2026-10-09 01:35:40
DUISBURG-RUHRORT,23:00:00,Do. 08.10.2026 Abweichung,12,(--),2026-10-09 01:35:40
DUISBURG-RUHRORT,23:00:00,Heute 09.10.2026,21,--,2026-10-09 01:35:40
DUISBURG-RUHRORT,23:00:00,Heute 09.10.2026 Abweichung,22,(--),2026-10-09 01:35:40
DUISBURG-RUHRORT,23:00:00,Heute 09.10.2026 Vorhersage,23,150,2026-10-09 01:35:40
DUISBURG-RUHRORT,23:00:00,Sa. 10.10.2026,31,--,2026-10-09 01:35:40
DUISBURG-RUHRORT,23:00:00,Sa. 10.10.2026 Abweichung,32,172,2026-10-09 01:35:40
DUISBURG-RUHRORT,23:00:00,So. 11.10.2026,41,160,2026-10-09 01:35:40
DUISBURG-RUHRORT,23:00:00,Mo. 12.10.2026,51,--,2026-10-09 01:35:40
DUISBURG-RUHRORT,23:00:00,Di. 13.10.2026,61,--,2026-10-09 01:35:40
KÖLN,01:00:00,Do. 08.10.2026,11,--,2026-10-09 01:35:41
KÖLN,01:00:00,Do. 08.10.2026 Abweichung,12,(--),2026-10-09 01:35:41
KÖLN,01:00:00,Heute 09.10.2026,21,--,2026-10-09 01:35:41
KÖLN,01:00:00,Heute 09.10.2026 Abweichung,22,(--),2026-10-09 01:35:41
KÖLN,01:00:00,Heute 09.10.2026 Vorhersage,23,--,2026-10-09 01:35:41
KÖLN,01:00:00,Sa. 10.10.2026,31,73,2026-10-09 01:35:41
KÖLN,01:00:00,Sa. 10.10.2026 Abweichung,32,--,2026-10-09 01:35:41
KÖLN,01:00:00,So. 11.10.2026,41,66,2026-10-09 01:35:41
KÖLN,01:00:00,Mo. 12.10.2026,51,63,2026-10-09 01:35:41
KÖLN,01:00:00,Di. 13.10.2026,61,--,2026-10-09 01:35:41
KÖLN,03:00:00,Do. 08.10.2026,11,--,2026-10-09 01:35:41
KÖLN,03:00:00,Do. 08.10.2026 Abweichung,12,(--),2026-10-09 01:35:41
KÖLN,03:00:00,Heute 09.10.2026,21,--,2026-10-09 01:35:41
KÖLN,03:00:00,Heute 09.10.2026 Abweichung,22,(--),2026-10-09 01:35:41
KÖLN,03:00:00,Heute 09.10.2026 Vorhersage,23,--,2026-10-09 01:35:41
KÖLN,03:00:00,Sa. 10.10.2026,31,74,2026-10-09 01:35:41
KÖLN,03:00:00,Sa. 10.10.2026 Abweichung,32,--,2026-10-09 01:35:41
KÖLN,03:00:00,So. 11.10.2026,41,65,2026-10-09 01:35:41
KÖLN,03:00:00,Mo. 12.10.2026,51,63,2026-10-09 01:35:41
KÖLN,03:00:00,Di. 13.10.2026,61,--,2026-10-09 01:35:41
KÖLN,05:00:00,Do. 08.10.2026,11,44,2026-10-09 01:35:41
KÖLN,05:00:00,Do. 08.10.2026 Abweichung,12,(-1),2026-10-09 01:35:41
KÖLN,05:00:00,Heute 09.10.2026,21,--,2026-10-09 01:35:41
KÖLN,05:00:00,Heute 09.10.2026 Abweichung,22,(--),2026-10-09 01:35:41
KÖLN,05:00:00,Heute 09.10.2026 Vorhersage,23,54,2026-10-09 01:35:41
KÖLN,05:00:00,Sa. 10.10.2026,31,76,2026-10-09 01:35:41
KÖLN,05:00:00,Sa. 10.10.2026 Abweichung,32,--,2026-10-09 01:35:41
KÖLN,05:00:00,So. 11.10.2026,41,64,2026-10-09 01:35:41
KÖLN,05:00:00,Mo. 12.10.2026,51,64,2026-10-09 01:35:41
KÖLN,05:00:00,Di. 13.10.2026,61,--,2026-10-09 01:35:41
KÖLN,07:00:00,Do. 08.10.2026,11,--,2026-10-09 01:35:41
KÖLN,07:00:00,Do. 08.10.2026 Abweichung,12,(--),2026-10-09 01:35:41
KÖLN,07:00:00,Heute 09.10.2026,21,--,2026-10-09 01:35:41
KÖLN,07:00:00,Heute 09.10.2026 Abweichung,22,(--),2026-10-09 01:35:41
KÖLN,07:00:00,Heute 09.10.2026 Vorhersage,23,55,2026-10-09 01:35:41
KÖLN,07:00:00,Sa. 10.10.2026,31,76,2026-10-09 01:35:41
KÖLN,07:00:00,Sa. 10.10.2026 Abweichung,32,--,2026-10-09 01:35:41
KÖLN,07:00:00,So. 11.10.2026,41,64,2026-10-09 01:35:41
KÖLN,07:00:00,Mo. 12.10.2026,51,63,2026-10-09 01:35:41
KÖLN,07:00:00,Di. 13.10.2026,61,--,2026-10-09 01:35:41
KÖLN,09:00:00,Do. 08.10.2026,11,--,2026-10-09 01:35:41
KÖLN,09:00:00,Do. 08.10.2026 Abweichung,12,(--),2026-10-09 01:35:41
KÖLN,09:00:00,Heute 09.10.2026,21,--,2026-10-09 01:35:41
KÖLN,09:00:00,Heute 09.10.2026 Abweichung,22,(--),2026-10-09 01:35:41
KÖLN,09:00:00,Heute 09.10.2026 Vorhersage,23,56,2026-10-09 01:35:41
KÖLN,09:00:00,Sa. 10.10.2026,31,--,2026-10-09 01:35:41
KÖLN,09:00:00,Sa. 10.10.2026 Abweichung,32,76,2026-10-09 01:35:41
KÖLN,09:00:00,So. 11.10.2026,41,63,2026-10-09 01:35:41
KÖLN,09:00:00,Mo. 12.10.2026,51,--,2026-10-09 01:35:41
KÖLN,09:00:00,Di. 13.10.2026,61,--,2026-10-09 01:35:41
KÖLN,11:00:00,Do. 08.10.2026,11,--,2026-10-09 01:35:41
KÖLN,11:00:00,Do. 08.10.2026 Abweichung,12,(--),2026-10-09 01:35:41
KÖLN,11:00:00,Heute 09.10.2026,21,--,2026-10-09 01:35:41
KÖLN,11:00:00,Heute 09.10.2026 Abweichung,22,(--),2026-10-09 01:35:41
KÖLN,11:00:00,Heute 09.10.2026 Vorhersage,23,58,2026-10-09 01:35:41
KÖLN,11:00:00,Sa. 10.10.2026,31,--,2026-10-09 01:35:41
KÖLN,11:00:00,Sa. 10.10.2026 Abweichung,32,75,2026-10-09 01:35:41
KÖLN,11:00:00,So. 11.10.2026,41,63,2026-10-09 01:35:41
KÖLN,11:00:00,Mo. 12.10.2026,51,--,2026-10-09 01:35:41
KÖLN,11:00:00,Di. 13.10.2026,61,--,2026-10-09 01:35:41
KÖLN,13:00:00,Do. 08.10.2026,11,47,2026-10-09 01:35:41
KÖLN,13:00:00,Do. 08.10.2026 Abweichung,12,(+3),2026-10-09 01:35:41
KÖLN,13:00:00,Heute 09.10.2026,21,--,2026-10-09 01:35:41
KÖLN,13:00:00,Heute 09.10.2026 Abweichung,22,(--),2026-10-09 01:35:41
KÖLN,13:00:00,Heute 09.10.2026 Vorhersage,23,61,2026-10-09 01:35:41
KÖLN,13:00:00,Sa. 10.10.2026,31,--,2026-10-09 01:35:41
KÖLN,13:00:00,Sa. 10.10.2026 Abweichung,32,74,2026-10-09 01:35:41
KÖLN,13:00:00,So. 11.10.2026,41,62,2026-10-09 01:35:41
KÖLN,13:00:00,Mo. 12.10.2026,51,--,2026-10-09 01:35:41
KÖLN,13:00:00,Di. 13.10.2026,61,--,2026-10-09 01:35:41
KÖLN,15:00:00,Do. 08.10.2026,11,--,2026-10-09 01:35:41
KÖLN,15:00:00,Do. 08.10.2026 Abweichung,12,(--),2026-10-09 01:35:41
KÖLN,15:00:00,Heute 09.10.2026,21,--,2026-10-09 01:35:41
KÖLN,15:00:00,Heute 09.10.2026 Abweichung,22,(--),2026-10-09 01:35:41
KÖLN,15:00:00,Heute 09.10.2026 Vorhersage,23,63,2026-10-09 01:35:41
KÖLN,15:00:00,Sa. 10.10.2026,31,--,2026-10-09 01:35:41
KÖLN,15:00:00,Sa. 10.10.2026 Abweichung,32,73,2026-10-09 01:35:41
KÖLN,15:00:00,So. 11.10.2026,41,62,2026-10-09 01:35:41
KÖLN,15:00:00,Mo. 12.10.2026,51,--,2026-10-09 01:35:41
KÖLN,15:00:00,Di. 13.10.2026,61,--,2026-10-09 01:35:41
KÖLN,17:00:00,Do. 08.10.2026,11,--,2026-10-09 01:35:41
KÖLN,17:00:00,Do. 08.10.2026 Abweichung,12,(--),2026-10-09 01:35:41
KÖLN,17:00:00,Heute 09.10.2026,21,--,2026-10-09 01:35:41
KÖLN,17:00:00,Heute 09.10.2026 Abweichung,22,(--),2026-10-09 01:35:41
KÖLN,17:00:00,Heute 09.10.2026 Vorhersage,23,66,2026-10-09 01:35:41
KÖLN,17:00:00,Sa. 10.10.2026,31,--,2026-10-09 01:35:41
KÖLN,17:00:00,Sa. 10.10.2026 Abweichung,32,71,2026-10-09 01:35:41
KÖLN,17:00:00,So. 11.10.2026,41,62,2026-10-09 01:35:41
KÖLN,17:00:00,Mo. 12.10.2026,51,--,2026-10-09 01:35:41
KÖLN,17:00:00,Di. 13.10.2026,61,--,2026-10-09 01:35:41
KÖLN,19:00:00,Do. 08.10.2026,11,--,2026-10-09 01:35:41
KÖLN,19:00:00,Do. 08.10.2026 Abweichung,12,(--),2026-10-09 01:35:41
KÖLN,19:00:00,Heute 09.10.2026,21,--,2026-10-09 01:35:41
KÖLN,19:00:00,Heute 09.10.2026 Abweichung,22,(--),2026-10-09 01:35:41
KÖLN,19:00:00,Heute 09.10.2026 Vorhersage,23,68,2026-10-09 01:35:41
KÖLN,19:00:00,Sa. 10.10.2026,31,--,2026-10-09 01:35:41
KÖLN,19:00:00,Sa. 10.10.2026 Abweichung,32,70,2026-10-09 01:35:41
KÖLN,19:00:00,So. 11.10.2026,41,62,2026-10-09 01:35:41
KÖLN,19:00:00,Mo. 12.10.2026,51,--,2026-10-09 01:35:41
KÖLN,19:00:00,Di. 13.10.2026,61,--,2026-10-09 01:35:41
KÖLN,21:00:00,Do. 08.10.2026,11,--,2026-10-09 01:35:41
KÖLN,21:00:00,Do. 08.10.2026 Abweichung,12,(--),2026-10-09 01:35:41
KÖLN,21:00:00,Heute 09.10.2026,21,--,2026-10-09 01:35:41
KÖLN,21:00:00,Heute 09.10.2026 Abweichung,22,(--),2026-10-09 01:35:41
KÖLN,21:00:00,Heute 09.10.2026 Vorhersage,23,70,2026-10-09 01:35:41
KÖLN,21:00:00,Sa. 10.10.2026,31,--,2026-10-09 01:35:41
KÖLN,21:00:00,Sa. 10.10.2026 Abweichung,32,68,2026-10-09 01:35:41
KÖLN,21:00:00,So. 11.10.2026,41,63,2026-10-09 01:35:41
KÖLN,21:00:00,Mo. 12.10.2026,51,--,2026-10-09 01:35:41
KÖLN,21:00:00,Di. 13.10.2026,61,--,2026-10-09 01:35:41
KÖLN,23:00:00,Do. 08.10.2026,11,--,2026-10-09 01:35:41
KÖLN,23:00:00,Do. 08.10.2026 Abweichung,12,(--),2026-10-09 01:35:41
KÖLN,23:00:00,Heute 09.10.2026,21,--,2026-10-09 01:35:41
KÖLN,23:00:00,Heute 09.10.2026 Abweichung,22,(--),2026-10-09 01:35:41
KÖLN,23:00:00,Heute 09.10.2026 Vorhersage,23,72,2026-10-09 01:35:41
KÖLN,23:00:00,Sa. 10.10.2026,31,--,2026-10-09 01:35:41
KÖLN,23:00:00,Sa. 10.10.2026 Abweichung,32,67,2026-10-09 01:35:41
KÖLN,23:00:00,So. 11.10.2026,41,63,2026-10-09 01:35:41
KÖLN,23:00:00,Mo. 12.10.2026,51,--,2026-10-09 01:35:41
KÖLN,23:00:00,Di. 13.10.2026,61,--,2026-10-09 01:35:41
KOBLENZ,01:00:00,Do. 08.10.2026,11,--,2026-10-09 01:35:41
KOBLENZ,01:00:00,Do. 08.10.2026 Abweichung,12,(--),2026-10-09 01:35:41
KOBLENZ,01:00:00,Heute 09.10.2026,21,--,2026-10-09 01:35:41
KOBLENZ,01:00:00,Heute 09.10.2026 Abweichung,22,(--),2026-10-09 01:35:41
KOBLENZ,01:00:00,Heute 09.10.2026 Vorhersage,23,--,2026-10-09 01:35:41
KOBLENZ,01:00:00,Sa. 10.10.2026,31,13,2026-10-09 01:35:41
KOBLENZ,01:00:00,Sa. 10.10.2026 Abweichung,32,--,2026-10-09 01:35:41
KOBLENZ,01:00:00,So. 11.10.2026,41,7,2026-10-09 01:35:41
KOBLENZ,01:00:00,Mo. 12.10.2026,51,10,2026-10-09 01:35:41
KOBLENZ,01:00:00,Di. 13.10.2026,61,--,2026-10-09 01:35:41
KOBLENZ,03:00:00,Do. 08.10.2026,11,--,2026-10-09 01:35:41
KOBLENZ,03:00:00,Do. 08.10.2026 Abweichung,12,(--),2026-10-09 01:35:41
KOBLENZ,03:00:00,Heute 09.10.2026,21,--,2026-10-09 01:35:41
KOBLENZ,03:00:00,Heute 09.10.2026 Abweichung,22,(--),2026-10-09 01:35:41
KOBLENZ,03:00:00,Heute 09.10.2026 Vorhersage,23,--,2026-10-09 01:35:41
KOBLENZ,03:00:00,Sa. 10.10.2026,31,12,2026-10-09 01:35:41
KOBLENZ,03:00:00,Sa. 10.10.2026 Abweichung,32,--,2026-10-09 01:35:41
KOBLENZ,03:00:00,So. 11.10.2026,41,7,2026-10-09 01:35:41
KOBLENZ,03:00:00,Mo. 12.10.2026,51,11,2026-10-09 01:35:41
KOBLENZ,03:00:00,Di. 13.10.2026,61,--,2026-10-09 01:35:41
KOBLENZ,05:00:00,Do. 08.10.2026,11,-3,2026-10-09 01:35:41
KOBLENZ,05:00:00,Do. 08.10.2026 Abweichung,12,(+1),2026-10-09 01:35:41
KOBLENZ,05:00:00,Heute 09.10.2026,21,--,2026-10-09 01:35:41
KOBLENZ,05:00:00,Heute 09.10.2026 Abweichung,22,(--),2026-10-09 01:35:41
KOBLENZ,05:00:00,Heute 09.10.2026 Vorhersage,23,15,2026-10-09 01:35:41
KOBLENZ,05:00:00,Sa. 10.10.2026,31,10,2026-10-09 01:35:41
KOBLENZ,05:00:00,Sa. 10.10.2026 Abweichung,32,--,2026-10-09 01:35:41
KOBLENZ,05:00:00,So. 11.10.2026,41,8,2026-10-09 01:35:41
KOBLENZ,05:00:00,Mo. 12.10.2026,51,11,2026-10-09 01:35:41
KOBLENZ,05:00:00,Di. 13.10.2026,61,--,2026-10-09 01:35:41
KOBLENZ,07:00:00,Do. 08.10.2026,11,--,2026-10-09 01:35:41
KOBLENZ,07:00:00,Do. 08.10.2026 Abweichung,12,(--),2026-10-09 01:35:41
KOBLENZ,07:00:00,Heute 09.10.2026,21,--,2026-10-09 01:35:41
KOBLENZ,07:00:00,Heute 09.10.2026 Abweichung,22,(--),2026-10-09 01:35:41
KOBLENZ,07:00:00,Heute 09.10.2026 Vorhersage,23,16,2026-10-09 01:35:41
KOBLENZ,07:00:00,Sa. 10.10.2026,31,9,2026-10-09 01:35:41
KOBLENZ,07:00:00,Sa. 10.10.2026 Abweichung,32,--,2026-10-09 01:35:41
KOBLENZ,07:00:00,So. 11.10.2026,41,9,2026-10-09 01:35:41
KOBLENZ,07:00:00,Mo. 12.10.2026,51,12,2026-10-09 01:35:41
KOBLENZ,07:00:00,Di. 13.10.2026,61,--,2026-10-09 01:35:41
KOBLENZ,09:00:00,Do. 08.10.2026,11,--,2026-10-09 01:35:41
KOBLENZ,09:00:00,Do. 08.10.2026 Abweichung,12,(--),2026-10-09 01:35:41
KOBLENZ,09:00:00,Heute 09.10.2026,21,--,2026-10-09 01:35:41
KOBLENZ,09:00:00,Heute 09.10.2026 Abweichung,22,(--),2026-10-09 01:35:41
KOBLENZ,09:00:00,Heute 09.10.2026 Vorhersage,23,17,2026-10-09 01:35:41
KOBLENZ,09:00:00,Sa. 10.10.2026,31,--,2026-10-09 01:35:41
KOBLENZ,09:00:00,Sa. 10.10.2026 Abweichung,32,9,2026-10-09 01:35:41
KOBLENZ,09:00:00,So. 11.10.2026,41,10,2026-10-09 01:35:41
KOBLENZ,09:00:00,Mo. 12.10.2026,51,--,2026-10-09 01:35:41
KOBLENZ,09:00:00,Di. 13.10.2026,61,--,2026-10-09 01:35:41
KOBLENZ,11:00:00,Do. 08.10.2026,11,--,2026-10-09 01:35:41
KOBLENZ,11:00:00,Do. 08.10.2026 Abweichung,12,(--),2026-10-09 01:35:41
KOBLENZ,11:00:00,Heute 09.10.2026,21,--,2026-10-09 01:35:41
KOBLENZ,11:00:00,Heute 09.10.2026 Abweichung,22,(--),2026-10-09 01:35:41
KOBLENZ,11:00:00,Heute 09.10.2026 Vorhersage,23,18,2026-10-09 01:35:41
KOBLENZ,11:00:00,Sa. 10.10.2026,31,--,2026-10-09 01:35:41
KOBLENZ,11:00:00,Sa. 10.10.2026 Abweichung,32,8,2026-10-09 01:35:41
KOBLENZ,11:00:00,So. 11.10.2026,41,10,2026-10-09 01:35:41
KOBLENZ,11:00:00,Mo. 12.10.2026,51,--,2026-10-09 01:35:41
KOBLENZ,11:00:00,Di. 13.10.2026,61,--,2026-10-09 01:35:41
KOBLENZ,13:00:00,Do. 08.10.2026,11,4,2026-10-09 01:35:41
KOBLENZ,13:00:00,Do. 08.10.2026 Abweichung,12,(+2),2026-10-09 01:35:41
KOBLENZ,13:00:00,Heute 09.10.2026,21,--,2026-10-09 01:35:41
KOBLENZ,13:00:00,Heute 09.10.2026 Abweichung,22,(--),2026-10-09 01:35:41
KOBLENZ,13:00:00,Heute 09.10.2026 Vorhersage,23,19,2026-10-09 01:35:41
KOBLENZ,13:00:00,Sa. 10.10.2026,31,--,2026-10-09 01:35:41
KOBLENZ,13:00:00,Sa. 10.10.2026 Abweichung,32,8,2026-10-09 01:35:41
KOBLENZ,13:00:00,So. 11.10.2026,41,11,2026-10-09 01:35:41
KOBLENZ,13:00:00,Mo. 12.10.2026,51,--,2026-10-09 01:35:41
KOBLENZ,13:00:00,Di. 13.10.2026,61,--,2026-10-09 01:35:41
KOBLENZ,15:00:00,Do. 08.10.2026,11,--,2026-10-09 01:35:41
KOBLENZ,15:00:00,Do. 08.10.2026 Abweichung,12,(--),2026-10-09 01:35:41
KOBLENZ,15:00:00,Heute 09.10.2026,21,--,2026-10-09 01:35:41
KOBLENZ,15:00:00,Heute 09.10.2026 Abweichung,22,(--),2026-10-09 01:35:41
KOBLENZ,15:00:00,Heute 09.10.2026 Vorhersage,23,19,2026-10-09 01:35:41
KOBLENZ,15:00:00,Sa. 10.10.2026,31,--,2026-10-09 01:35:41
KOBLENZ,15:00:00,Sa. 10.10.2026 Abweichung,32,7,2026-10-09 01:35:41
KOBLENZ,15:00:00,So. 11.10.2026,41,11,2026-10-09 01:35:41
KOBLENZ,15:00:00,Mo. 12.10.2026,51,--,2026-10-09 01:35:41
KOBLENZ,15:00:00,Di. 13.10.2026,61,--,2026-10-09 01:35:41
KOBLENZ,17:00:00,Do. 08.10.2026,11,--,2026-10-09 01:35:41
KOBLENZ,17:00:00,Do. 08.10.2026 Abweichung,12,(--),2026-10-09 01:35:41
KOBLENZ,17:00:00,Heute 09.10.2026,21,--,2026-10-09 01:35:41
KOBLENZ,17:00:00,Heute 09.10.2026 Abweichung,22,(--),2026-10-09 01:35:41
KOBLENZ,17:00:00,Heute 09.10.2026 Vorhersage,23,19,2026-10-09 01:35:41
KOBLENZ,17:00:00,Sa. 10.10.2026,31,--,2026-10-09 01:35:41
KOBLENZ,17:00:00,Sa. 10.10.2026 Abweichung,32,7,2026-10-09 01:35:41
KOBLENZ,17:00:00,So. 11.10.2026,41,11,2026-10-09 01:35:41
KOBLENZ,17:00:00,Mo. 12.10.2026,51,--,2026-10-09 01:35:41
KOBLENZ,17:00:00,Di. 13.10.2026,61,--,2026-10-09 01:35:41
KOBLENZ,19:00:00,Do. 08.10.2026,11,--,2026-10-09 01:35:41
KOBLENZ,19:00:00,Do. 08.10.2026 Abweichung,12,(--),2026-10-09 01:35:41
KOBLENZ,19:00:00,Heute 09.10.2026,21,--,2026-10-09 01:35:41
KOBLENZ,19:00:00,Heute 09.10.2026 Abweichung,22,(--),2026-10-09 01:35:41
KOBLENZ,19:00:00,Heute 09.10.2026 Vorhersage,23,18,2026-10-09 01:35:41
KOBLENZ,19:00:00,Sa. 10.10.2026,31,--,2026-10-09 01:35:41
KOBLENZ,19:00:00,Sa. 10.10.2026 Abweichung,32,7,2026-10-09 01:35:41
KOBLENZ,19:00:00,So. 11.10.2026,41,10,2026-10-09 01:35:41
KOBLENZ,19:00:00,Mo. 12.10.2026,51,--,2026-10-09 01:35:41
KOBLENZ,19:00:00,Di. 13.10.2026,61,--,2026-10-09 01:35:41
KOBLENZ,21:00:00,Do. 08.10.2026,11,5,2026-10-09 01:35:41
KOBLENZ,21:00:00,Do. 08.10.2026 Abweichung,12,(+7),2026-10-09 01:35:41
KOBLENZ,21:00:00,Heute 09.10.2026,21,--,2026-10-09 01:35:41
KOBLENZ,21:00:00,Heute 09.10.2026 Abweichung,22,(--),2026-10-09 01:35:41
KOBLENZ,21:00:00,Heute 09.10.2026 Vorhersage,23,16,2026-10-09 01:35:41
KOBLENZ,21:00:00,Sa. 10.10.2026,31,--,2026-10-09 01:35:41
KOBLENZ,21:00:00,Sa. 10.10.2026 Abweichung,32,7,2026-10-09 01:35:41
KOBLENZ,21:00:00,So. 11.10.2026,41,10,2026-10-09 01:35:41
KOBLENZ,21:00:00,Mo. 12.10.2026,51,--,2026-10-09 01:35:41
KOBLENZ,21:00:00,Di. 13.10.2026,61,--,2026-10-09 01:35:41
KOBLENZ,23:00:00,Do. 08.10.2026,11,--,2026-10-09 01:35:41
KOBLENZ,23:00:00,Do. 08.10.2026 Abweichung,12,(--),2026-10-09 01:35:41
KOBLENZ,23:00:00,Heute 09.10.2026,21,--,2026-10-09 01:35:41
KOBLENZ,23:00:00,Heute 09.10.2026 Abweichung,22,(--),2026-10-09 01:35:41
KOBLENZ,23:00:00,Heute 09.10.2026 Vorhersage,23,14,2026-10-09 01:35:41
KOBLENZ,23:00:00,Sa. 10.10.2026,31,--,2026-10-09 01:35:41
KOBLENZ,23:00:00,Sa. 10.10.2026 Abweichung,32,7,2026-10-09 01:35:41
KOBLENZ,23:00:00,So. 11.10.2026,41,10,2026-10-09 01:35:41
KOBLENZ,23:00:00,Mo. 12.10.2026,51,--,2026-10-09 01:35:41
KOBLENZ,23:00:00,Di. 13.10.2026,61,--,2026-10-09 01:35:41
KAUB,01:00:00,Do. 08.10.2026,11,--,2026-10-09 01:35:42
KAUB,01:00:00,Do. 08.10.2026 Abweichung,12,(--),2026-10-09 01:35:42
KAUB,01:00:00,Heute 09.10.2026,21,--,2026-10-09 01:35:42
KAUB,01:00:00,Heute 09.10.2026 Abweichung,22,(--),2026-10-09 01:35:42
KAUB,01:00:00,Heute 09.10.2026 Vorhersage,23,--,2026-10-09 01:35:42
KAUB,01:00:00,Sa. 10.10.2026,31,0,2026-10-09 01:35:42
KAUB,01:00:00,Sa. 10.10.2026 Abweichung,32,--,2026-10-09 01:35:42
KAUB,01:00:00,So. 11.10.2026,41,2,2026-10-09 01:35:42
KAUB,01:00:00,Mo. 12.10.2026,51,11,2026-10-09 01:35:42
KAUB,01:00:00,Di. 13.10.2026,61,--,2026-10-09 01:35:42
KAUB,03:00:00,Do. 08.10.2026,11,--,2026-10-09 01:35:42
KAUB,03:00:00,Do. 08.10.2026 Abweichung,12,(--),2026-10-09 01:35:42
KAUB,03:00:00,Heute 09.10.2026,21,--,2026-10-09 01:35:42
KAUB,03:00:00,Heute 09.10.2026 Abweichung,22,(--),2026-10-09 01:35:42
KAUB,03:00:00,Heute 09.10.2026 Vorhersage,23,--,2026-10-09 01:35:42
KAUB,03:00:00,Sa. 10.10.2026,31,0,2026-10-09 01:35:42
KAUB,03:00:00,Sa. 10.10.2026 Abweichung,32,--,2026-10-09 01:35:42
KAUB,03:00:00,So. 11.10.2026,41,2,2026-10-09 01:35:42
KAUB,03:00:00,Mo. 12.10.2026,51,12,2026-10-09 01:35:42
KAUB,03:00:00,Di. 13.10.2026,61,--,2026-10-09 01:35:42
KAUB,05:00:00,Do. 08.10.2026,11,-2,2026-10-09 01:35:42
KAUB,05:00:00,Do. 08.10.2026 Abweichung,12,(-5),2026-10-09 01:35:42
KAUB,05:00:00,Heute 09.10.2026,21,--,2026-10-09 01:35:42
KAUB,05:00:00,Heute 09.10.2026 Abweichung,22,(--),2026-10-09 01:35:42
KAUB,05:00:00,Heute 09.10.2026 Vorhersage,23,3,2026-10-09 01:35:42
KAUB,05:00:00,Sa. 10.10.2026,31,-1,2026-10-09 01:35:42
KAUB,05:00:00,Sa. 10.10.2026 Abweichung,32,--,2026-10-09 01:35:42
KAUB,05:00:00,So. 11.10.2026,41,3,2026-10-09 01:35:42
KAUB,05:00:00,Mo. 12.10.2026,51,12,2026-10-09 01:35:42
KAUB,05:00:00,Di. 13.10.2026,61,--,2026-10-09 01:35:42
KAUB,07:00:00,Do. 08.10.2026,11,--,2026-10-09 01:35:42
KAUB,07:00:00,Do. 08.10.2026 Abweichung,12,(--),2026-10-09 01:35:42
KAUB,07:00:00,Heute 09.10.2026,21,--,2026-10-09 01:35:42
KAUB,07:00:00,Heute 09.10.2026 Abweichung,22,(--),2026-10-09 01:35:42
KAUB,07:00:00,Heute 09.10.2026 Vorhersage,23,4,2026-10-09 01:35:42
KAUB,07:00:00,Sa. 10.10.2026,31,-1,2026-10-09 01:35:42
KAUB,07:00:00,Sa. 10.10.2026 Abweichung,32,--,2026-10-09 01:35:42
KAUB,07:00:00,So. 11.10.2026,41,4,2026-10-09 01:35:42
KAUB,07:00:00,Mo. 12.10.2026,51,13,2026-10-09 01:35:42
KAUB,07:00:00,Di. 13.10.2026,61,--,2026-10-09 01:35:42
KAUB,09:00:00,Do. 08.10.2026,11,--,2026-10-09 01:35:42
KAUB,09:00:00,Do. 08.10.2026 Abweichung,12,(--),2026-10-09 01:35:42
KAUB,09:00:00,Heute 09.10.2026,21,--,2026-10-09 01:35:42
KAUB,09:00:00,Heute 09.10.2026 Abweichung,22,(--),2026-10-09 01:35:42
KAUB,09:00:00,Heute 09.10.2026 Vorhersage,23,4,2026-10-09 01:35:42
KAUB,09:00:00,Sa. 10.10.2026,31,--,2026-10-09 01:35:42
KAUB,09:00:00,Sa. 10.10.2026 Abweichung,32,-1,2026-10-09 01:35:42
KAUB,09:00:00,So. 11.10.2026,41,5,2026-10-09 01:35:42
KAUB,09:00:00,Mo. 12.10.2026,51,--,2026-10-09 01:35:42
KAUB,09:00:00,Di. 13.10.2026,61,--,2026-10-09 01:35:42
KAUB,11:00:00,Do. 08.10.2026,11,--,2026-10-09 01:35:42
KAUB,11:00:00,Do. 08.10.2026 Abweichung,12,(--),2026-10-09 01:35:42
KAUB,11:00:00,Heute 09.10.2026,21,--,2026-10-09 01:35:42
KAUB,11:00:00,Heute 09.10.2026 Abweichung,22,(--),2026-10-09 01:35:42
KAUB,11:00:00,Heute 09.10.2026 Vorhersage,23,5,2026-10-09 01:35:42
KAUB,11:00:00,Sa. 10.10.2026,31,--,2026-10-09 01:35:42
KAUB,11:00:00,Sa. 10.10.2026 Abweichung,32,-1,2026-10-09 01:35:42
KAUB,11:00:00,So. 11.10.2026,41,5,2026-10-09 01:35:42
KAUB,11:00:00,Mo. 12.10.2026,51,--,2026-10-09 01:35:42
KAUB,11:00:00,Di. 13.10.2026,61,--,2026-10-09 01:35:42
KAUB,13:00:00,Do. 08.10.2026,11,2,2026-10-09 01:35:42
KAUB,13:00:00,Do. 08.10.2026 Abweichung,12,(±0),2026-10-09 01:35:42
KAUB,13:00:00,Heute 09.10.2026,21,--,2026-10-09 01:35:42
KAUB,13:00:00,Heute 09.10.2026 Abweichung,22,(--),2026-10-09 01:35:42
KAUB,13:00:00,Heute 09.10.2026 Vorhersage,23,4,2026-10-09 01:35:42
KAUB,13:00:00,Sa. 10.10.2026,31,--,2026-10-09 01:35:42
KAUB,13:00:00,Sa. 10.10.2026 Abweichung,32,-1,2026-10-09 01:35:42
KAUB,13:00:00,So. 11.10.2026,41,6,2026-10-09 01:35:42
KAUB,13:00:00,Mo. 12.10.2026,51,--,2026-10-09 01:35:42
KAUB,13:00:00,Di. 13.10.2026,61,--,2026-10-09 01:35:42
KAUB,15:00:00,Do. 08.10.2026,11,--,2026-10-09 01:35:42
KAUB,15:00:00,Do. 08.10.2026 Abweichung,12,(--),2026-10-09 01:35:42
KAUB,15:00:00,Heute 09.10.2026,21,--,2026-10-09 01:35:42
KAUB,15:00:00,Heute 09.10.2026 Abweichung,22,(--),2026-10-09 01:35:42
KAUB,15:00:00,Heute 09.10.2026 Vorhersage,23,4,2026-10-09 01:35:42
KAUB,15:00:00,Sa. 10.10.2026,31,--,2026-10-09 01:35:42
KAUB,15:00:00,Sa. 10.10.2026 Abweichung,32,0,2026-10-09 01:35:42
KAUB,15:00:00,So. 11.10.2026,41,7,2026-10-09 01:35:42
KAUB,15:00:00,Mo. 12.10.2026,51,--,2026-10-09 01:35:42
KAUB,15:00:00,Di. 13.10.2026,61,--,2026-10-09 01:35:42
KAUB,17:00:00,Do. 08.10.2026,11,--,2026-10-09 01:35:42
KAUB,17:00:00,Do. 08.10.2026 Abweichung,12,(--),2026-10-09 01:35:42
KAUB,17:00:00,Heute 09.10.2026,21,--,2026-10-09 01:35:42
KAUB,17:00:00,Heute 09.10.2026 Abweichung,22,(--),2026-10-09 01:35:42
KAUB,17:00:00,Heute 09.10.2026 Vorhersage,23,3,2026-10-09 01:35:42
KAUB,17:00:00,Sa. 10.10.2026,31,--,2026-10-09 01:35:42
KAUB,17:00:00,Sa. 10.10.2026 Abweichung,32,0,2026-10-09 01:35:42
KAUB,17:00:00,So. 11.10.2026,41,8,2026-10-09 01:35:42
KAUB,17:00:00,Mo. 12.10.2026,51,--,2026-10-09 01:35:42
KAUB,17:00:00,Di. 13.10.2026,61,--,2026-10-09 01:35:42
KAUB,19:00:00,Do. 08.10.2026,11,--,2026-10-09 01:35:42
KAUB,19:00:00,Do. 08.10.2026 Abweichung,12,(--),2026-10-09 01:35:42
KAUB,19:00:00,Heute 09.10.2026,21,--,2026-10-09 01:35:42
KAUB,19:00:00,Heute 09.10.2026 Abweichung,22,(--),2026-10-09 01:35:42
KAUB,19:00:00,Heute 09.10.2026 Vorhersage,23,2,2026-10-09 01:35:42
KAUB,19:00:00,Sa. 10.10.2026,31,--,2026-10-09 01:35:42
KAUB,19:00:00,Sa. 10.10.2026 Abweichung,32,0,2026-10-09 01:35:42
KAUB,19:00:00,So. 11.10.2026,41,8,2026-10-09 01:35:42
KAUB,19:00:00,Mo. 12.10.2026,51,--,2026-10-09 01:35:42
KAUB,19:00:00,Di. 13.10.2026,61,--,2026-10-09 01:35:42
KAUB,21:00:00,Do. 08.10.2026,11,3,2026-10-09 01:35:42
KAUB,21:00:00,Do. 08.10.2026 Abweichung,12,(+4),2026-10-09 01:35:42
KAUB,21:00:00,Heute 09.10.2026,21,--,2026-10-09 01:35:42
KAUB,21:00:00,Heute 09.10.2026 Abweichung,22,(--),2026-10-09 01:35:42
KAUB,21:00:00,Heute 09.10.2026 Vorhersage,23,1,2026-10-09 01:35:42
KAUB,21:00:00,Sa. 10.10.2026,31,--,2026-10-09 01:35:42
KAUB,21:00:00,Sa. 10.10.2026 Abweichung,32,0,2026-10-09 01:35:42
KAUB,21:00:00,So. 11.10.2026,41,9,2026-10-09 01:35:42
KAUB,21:00:00,Mo. 12.10.2026,51,--,2026-10-09 01:35:42
KAUB,21:00:00,Di. 13.10.2026,61,--,2026-10-09 01:35:42
KAUB,23:00:00,Do. 08.10.2026,11,--,2026-10-09 01:35:42
KAUB,23:00:00,Do. 08.10.2026 Abweichung,12,(--),2026-10-09 01:35:42
KAUB,23:00:00,Heute 09.10.2026,21,--,2026-10-09 01:35:42
KAUB,23:00:00,Heute 09.10.2026 Abweichung,22,(--),2026-10-09 01:35:42
KAUB,23:00:00,Heute 09.10.2026 Vorhersage,23,1,2026-10-09 01:35:42
KAUB,23:00:00,Sa. 10.10.2026,31,--,2026-10-09 01:35:42
KAUB,23:00:00,Sa. 10.10.2026 Abweichung,32,1,2026-10-09 01:35:42
KAUB,23:00:00,So. 11.10.2026,41,10,2026-10-09 01:35:42
KAUB,23:00:00,Mo. 12.10.2026,51,--,2026-10-09 01:35:42
KAUB,23:00:00,Di. 13.10.2026,61,--,2026-10-09 01:35:42
OESTRICH,01:00:00,Do. 08.10.2026,11,--,2026-10-09 01:35:43
OESTRICH,01:00:00,Do. 08.10.2026 Abweichung,12,(--),2026-10-09 01:35:43
OESTRICH,01:00:00,Heute 09.10.2026,21,--,2026-10-09 01:35:43
OESTRICH,01:00:00,Heute 09.10.2026 Abweichung,22,(--),2026-10-09 01:35:43
OESTRICH,01:00:00,Heute 09.10.2026 Vorhersage,23,--,2026-10-09 01:35:43
OESTRICH,01:00:00,Sa. 10.10.2026,31,28,2026-10-09 01:35:43
OESTRICH,01:00:00,Sa. 10.10.2026 Abweichung,32,--,2026-10-09 01:35:43
OESTRICH,01:00:00,So. 11.10.2026,41,31,2026-10-09 01:35:43
OESTRICH,01:00:00,Mo. 12.10.2026,51,39,2026-10-09 01:35:43
OESTRICH,01:00:00,Di. 13.10.2026,61,--,2026-10-09 01:35:43
OESTRICH,03:00:00,Do. 08.10.2026,11,--,2026-10-09 01:35:43
OESTRICH,03:00:00,Do. 08.10.2026 Abweichung,12,(--),2026-10-09 01:35:43
OESTRICH,03:00:00,Heute 09.10.2026,21,--,2026-10-09 01:35:43
OESTRICH,03:00:00,Heute 09.10.2026 Abweichung,22,(--),2026-10-09 01:35:43
OESTRICH,03:00:00,Heute 09.10.2026 Vorhersage,23,--,2026-10-09 01:35:43
OESTRICH,03:00:00,Sa. 10.10.2026,31,28,2026-10-09 01:35:43
OESTRICH,03:00:00,Sa. 10.10.2026 Abweichung,32,--,2026-10-09 01:35:43
OESTRICH,03:00:00,So. 11.10.2026,41,32,2026-10-09 01:35:43
OESTRICH,03:00:00,Mo. 12.10.2026,51,39,2026-10-09 01:35:43
OESTRICH,03:00:00,Di. 13.10.2026,61,--,2026-10-09 01:35:43
OESTRICH,05:00:00,Do. 08.10.2026,11,28,2026-10-09 01:35:43
OESTRICH,05:00:00,Do. 08.10.2026 Abweichung,12,(±0),2026-10-09 01:35:43
OESTRICH,05:00:00,Heute 09.10.2026,21,--,2026-10-09 01:35:43
OESTRICH,05:00:00,Heute 09.10.2026 Abweichung,22,(--),2026-10-09 01:35:43
OESTRICH,05:00:00,Heute 09.10.2026 Vorhersage,23,28,2026-10-09 01:35:43
OESTRICH,05:00:00,Sa. 10.10.2026,31,28,2026-10-09 01:35:43
OESTRICH,05:00:00,Sa. 10.10.2026 Abweichung,32,--,2026-10-09 01:35:43
OESTRICH,05:00:00,So. 11.10.2026,41,32,2026-10-09 01:35:43
OESTRICH,05:00:00,Mo. 12.10.2026,51,40,2026-10-09 01:35:43
OESTRICH,05:00:00,Di. 13.10.2026,61,--,2026-10-09 01:35:43
OESTRICH,07:00:00,Do. 08.10.2026,11,--,2026-10-09 01:35:43
OESTRICH,07:00:00,Do. 08.10.2026 Abweichung,12,(--),2026-10-09 01:35:43
OESTRICH,07:00:00,Heute 09.10.2026,21,--,2026-10-09 01:35:43
OESTRICH,07:00:00,Heute 09.10.2026 Abweichung,22,(--),2026-10-09 01:35:43
OESTRICH,07:00:00,Heute 09.10.2026 Vorhersage,23,28,2026-10-09 01:35:43
OESTRICH,07:00:00,Sa. 10.10.2026,31,28,2026-10-09 01:35:43
OESTRICH,07:00:00,Sa. 10.10.2026 Abweichung,32,--,2026-10-09 01:35:43
OESTRICH,07:00:00,So. 11.10.2026,41,33,2026-10-09 01:35:43
OESTRICH,07:00:00,Mo. 12.10.2026,51,40,2026-10-09 01:35:43
OESTRICH,07:00:00,Di. 13.10.2026,61,--,2026-10-09 01:35:43
OESTRICH,09:00:00,Do. 08.10.2026,11,--,2026-10-09 01:35:43
OESTRICH,09:00:00,Do. 08.10.2026 Abweichung,12,(--),2026-10-09 01:35:43
OESTRICH,09:00:00,Heute 09.10.2026,21,--,2026-10-09 01:35:43
OESTRICH,09:00:00,Heute 09.10.2026 Abweichung,22,(--),2026-10-09 01:35:43
OESTRICH,09:00:00,Heute 09.10.2026 Vorhersage,23,28,2026-10-09 01:35:43
OESTRICH,09:00:00,Sa. 10.10.2026,31,--,2026-10-09 01:35:43
OESTRICH,09:00:00,Sa. 10.10.2026 Abweichung,32,28,2026-10-09 01:35:43
OESTRICH,09:00:00,So. 11.10.2026,41,34,2026-10-09 01:35:43
OESTRICH,09:00:00,Mo. 12.10.2026,51,--,2026-10-09 01:35:43
OESTRICH,09:00:00,Di. 13.10.2026,61,--,2026-10-09 01:35:43
OESTRICH,11:00:00,Do. 08.10.2026,11,--,2026-10-09 01:35:43
OESTRICH,11:00:00,Do. 08.10.2026 Abweichung,12,(--),2026-10-09 01:35:43
OESTRICH,11:00:00,Heute 09.10.2026,21,--,2026-10-09 01:35:43
OESTRICH,11:00:00,Heute 09.10.2026 Abweichung,22,(--),2026-10-09 01:35:43
OESTRICH,11:00:00,Heute 09.10.2026 Vorhersage,23,28,2026-10-09 01:35:43
OESTRICH,11:00:00,Sa. 10.10.2026,31,--,2026-10-09 01:35:43
OESTRICH,11:00:00,Sa. 10.10.2026 Abweichung,32,28,2026-10-09 01:35:43
OESTRICH,11:00:00,So. 11.10.2026,41,35,2026-10-09 01:35:43
OESTRICH,11:00:00,Mo. 12.10.2026,51,--,2026-10-09 01:35:43
OESTRICH,11:00:00,Di. 13.10.2026,61,--,2026-10-09 01:35:43
OESTRICH,13:00:00,Do. 08.10.2026,11,28,2026-10-09 01:35:43
OESTRICH,13:00:00,Do. 08.10.2026 Abweichung,12,(-1),2026-10-09 01:35:43
OESTRICH,13:00:00,Heute 09.10.2026,21,--,2026-10-09 01:35:43
OESTRICH,13:00:00,Heute 09.10.2026 Abweichung,22,(--),2026-10-09 01:35:43
OESTRICH,13:00:00,Heute 09.10.2026 Vorhersage,23,28,2026-10-09 01:35:43
OESTRICH,13:00:00,Sa. 10.10.2026,31,--,2026-10-09 01:35:43
OESTRICH,13:00:00,Sa. 10.10.2026 Abweichung,32,28,2026-10-09 01:35:43
OESTRICH,13:00:00,So. 11.10.2026,41,35,2026-10-09 01:35:43
OESTRICH,13:00:00,Mo. 12.10.2026,51,--,2026-10-09 01:35:43
OESTRICH,13:00:00,Di. 13.10.2026,61,--,2026-10-09 01:35:43
OESTRICH,15:00:00,Do. 08.10.2026,11,--,2026-10-09 01:35:43
OESTRICH,15:00:00,Do. 08.10.2026 Abweichung,12,(--),2026-10-09 01:35:43
OESTRICH,15:00:00,Heute 09.10.2026,21,--,2026-10-09 01:35:43
OESTRICH,15:00:00,Heute 09.10.2026 Abweichung,22,(--),2026-10-09 01:35:43
OESTRICH,15:00:00,Heute 09.10.2026 Vorhersage,23,28,2026-10-09 01:35:43
OESTRICH,15:00:00,Sa. 10.10.2026,31,--,2026-10-09 01:35:43
OESTRICH,15:00:00,Sa. 10.10.2026 Abweichung,32,29,2026-10-09 01:35:43
OESTRICH,15:00:00,So. 11.10.2026,41,36,2026-10-09 01:35:43
OESTRICH,15:00:00,Mo. 12.10.2026,51,--,2026-10-09 01:35:43
OESTRICH,15:00:00,Di. 13.10.2026,61,--,2026-10-09 01:35:43
OESTRICH,17:00:00,Do. 08.10.2026,11,--,2026-10-09 01:35:43
OESTRICH,17:00:00,Do. 08.10.2026 Abweichung,12,(--),2026-10-09 01:35:43
OESTRICH,17:00:00,Heute 09.10.2026,21,--,2026-10-09 01:35:43
OESTRICH,17:00:00,Heute 09.10.2026 Abweichung,22,(--),2026-10-09 01:35:43
OESTRICH,17:00:00,Heute 09.10.2026 Vorhersage,23,28,2026-10-09 01:35:43
OESTRICH,17:00:00,Sa. 10.10.2026,31,--,2026-10-09 01:35:43
OESTRICH,17:00:00,Sa. 10.10.2026 Abweichung,32,29,2026-10-09 01:35:43
OESTRICH,17:00:00,So. 11.10.2026,41,37,2026-10-09 01:35:43
OESTRICH,17:00:00,Mo. 12.10.2026,51,--,2026-10-09 01:35:43
OESTRICH,17:00:00,Di. 13.10.2026,61,--,2026-10-09 01:35:43
OESTRICH,19:00:00,Do. 08.10.2026,11,--,2026-10-09 01:35:43
OESTRICH,19:00:00,Do. 08.10.2026 Abweichung,12,(--),2026-10-09 01:35:43
OESTRICH,19:00:00,Heute 09.10.2026,21,--,2026-10-09 01:35:43
OESTRICH,19:00:00,Heute 09.10.2026 Abweichung,22,(--),2026-10-09 01:35:43
OESTRICH,19:00:00,Heute 09.10.2026 Vorhersage,23,28,2026-10-09 01:35:43
OESTRICH,19:00:00,Sa. 10.10.2026,31,--,2026-10-09 01:35:43
OESTRICH,19:00:00,Sa. 10.10.2026 Abweichung,32,29,2026-10-09 01:35:43
OESTRICH,19:00:00,So. 11.10.2026,41,37,2026-10-09 01:35:43
OESTRICH,19:00:00,Mo. 12.10.2026,51,--,2026-10-09 01:35:43
OESTRICH,19:00:00,Di. 13.10.2026,61,--,2026-10-09 01:35:43
OESTRICH,21:00:00,Do. 08.10.2026,11,30,2026-10-09 01:35:43
OESTRICH,21:00:00,Do. 08.10.2026 Abweichung,12,(+5),2026-10-09 01:35:43
OESTRICH,21:00:00,Heute 09.10.2026,21,--,2026-10-09 01:35:43
OESTRICH,21:00:00,Heute 09.10.2026 Abweichung,22,(--),2026-10-09 01:35:43
OESTRICH,21:00:00,Heute 09.10.2026 Vorhersage,23,28,2026-10-09 01:35:43
OESTRICH,21:00:00,Sa. 10.10.2026,31,--,2026-10-09 01:35:43
OESTRICH,21:00:00,Sa. 10.10.2026 Abweichung,32,30,2026-10-09 01:35:43
OESTRICH,21:00:00,So. 11.10.2026,41,38,2026-10-09 01:35:43
OESTRICH,21:00:00,Mo. 12.10.2026,51,--,2026-10-09 01:35:43
OESTRICH,21:00:00,Di. 13.10.2026,61,--,2026-10-09 01:35:43
OESTRICH,23:00:00,Do. 08.10.2026,11,--,2026-10-09 01:35:43
OESTRICH,23:00:00,Do. 08.10.2026 Abweichung,12,(--),2026-10-09 01:35:43
OESTRICH,23:00:00,Heute 09.10.2026,21,--,2026-10-09 01:35:43
OESTRICH,23:00:00,Heute 09.10.2026 Abweichung,22,(--),2026-10-09 01:35:43
OESTRICH,23:00:00,Heute 09.10.2026 Vorhersage,23,28,2026-10-09 01:35:43
OESTRICH,23:00:00,Sa. 10.10.2026,31,--,2026-10-09 01:35:43
OESTRICH,23:00:00,Sa. 10.10.2026 Abweichung,32,31,2026-10-09 01:35:43
OESTRICH,23:00:00,So. 11.10.2026,41,39,2026-10-09 01:35:43
OESTRICH,23:00:00,Mo. 12.10.2026,51,--,2026-10-09 01:35:43
OESTRICH,23:00:00,Di. 13.10.2026,61,--,2026-10-09 01:35:43
